{
    "AWSEBDockerrunVersion": "1",
    "Image": {
        "Name": "khonokoo",
        "Update": "true",
        "Tag": "latest"
    },
    "Ports": [
        {
            "ContainerPort": "8081",
            "HostPort": "80"
        }
    ],
    "Volumes": [
        {
            "HostDirectory": "/var/app/current/questions",
            "ContainerDirectory": "/usr/src/app/questions"
        }
    ],
    "Logging": "/var/log/nginx",
    "Environment": [
        {
            "Name": "NODE_ENV",
            "Value": "production"
        },
        {
            "Name": "PORT",
            "Value": "8081"
        }
    ],
    "HealthCheck": {
        "Command": "wget -q --spider http://localhost:8081/health || exit 1",
        "Interval": "30",
        "Timeout": "5",
        "Retries": "3",
        "StartPeriod": "60"
    }
}